acidophi///acidophil
gammliger///gammeliger
gammeligsten///gammeligst
flächengroßt///flächengrößt
millionste///millionst
billionste///billionst
billiardste///billiardst
trillionste///trillionst
trilliardste///trilliardst
abschnittsweise///abschnittsweis
containerweise///containerweis
dekagrammweise///dekagrammweis
einhundertste///einhundertst
erstbeste///erstbest
esslöffelweise///esslöffelweis
hühnermüde///hühnermüd
amtsmüde///amtsmüd
behende///behend
behände///behänd
bitterböse///bitterbös
europamüde///europamüd
gelinde///gelind
impfmüde///impfmüd
kerzengerade///kerzengerad
kerzengrade///kerzengrad
knülle///knüll
kriegsmüde///kriegsmüd
krude///krud
machulle///machull
mause///maus
schnieke///schniek
tageweise///tageweis
todmüde///todmüd
töfte///töft
drittwichtigste///drittwichtigst
resultierende///resultierend
chargenweise///chargenweis
dunkelorange///dunkelorang
achthäufigste///achthäufigst
