citynähst///citynächst
gemäßigst///gemäßigtst
berühmt-berüchtigst///berühmt-berüchtigtst
gesättigst///gesättigtst
homogenen///homogener
nichtionish///nichtionisch
ökonomischsten///ökonomischst
skandalträchtigs///skandalträchtigst
vorausschauener///vorausschauender
vorausschauenst///vorausschauendst
hellesten///hellest
mittlerer///mittler
unentwegst///unentwegtst
widersprüchlichler///widersprüchlicher
quartalweis///quartalsweis
hangerer///hagerer
badish///badisch
Nanoelektronisch///nanoelektronisch
homosexuel///homosexuell
nictleuchtend///nichtleuchtend
verwahrlosest///verwahrlostest
uhnwohl///unwohl
uhnwohler///unwohler
uhnwohlst///unwohlst
zytostatisch ///zytostatisch
acidophier///acidophiler
acidophist///acidophilst
alkoholselist///alkoholseligst
aufopferungsvol///aufopferungsvoll
aufopferungsvoler///aufopferungsvoller
aufopferungsvolst///aufopferungsvollst
flächengroßten///flächengroßt
jägergrü///jägergrün
affgierig///raffgierig
affgieriger///raffgieriger
affgierigst///raffgierigst
pitzenmäßig///spitzenmäßig
pitzenmäßiger///spitzenmäßiger
pitzenmäßigst///spitzenmäßigst
