noun abietarius voc_sg {{la-decl-2nd|abietāri}}
noun acuarius voc_sg {{la-decl-2nd|acuāri}}
noun adversarius voc_sg {{la-decl-2nd|adversāri}}
noun aerarius voc_sg {{la-decl-2nd|aerāri}}
noun antiquarius voc_sg {{la-decl-2nd|antīquāri}}
noun apothecarius voc_sg {{la-decl-2nd|apothēcāri}}
noun arcubius voc_sg {{la-decl-2nd|arcubi}}
noun argentarius voc_sg {{la-decl-2nd|argentāri}}
noun armentarius voc_sg {{la-decl-2nd|armentāri}}
noun automatarius voc_sg {{la-decl-2nd|automatāri}}
noun auxiliarius voc_sg {{la-decl-2nd|auxiliāri}}
noun aviarius voc_sg {{la-decl-2nd|aviāri}}
noun avicularius voc_sg {{la-decl-2nd|aviculāri}}
noun bibliothecarius voc_sg {{la-decl-2nd|bibliothēcāri}}
noun bibonius voc_sg {{la-decl-2nd|bibōni}}
noun Brietius voc_sg {{la-decl-2nd|Brieti|num=sg}}
noun buticularius voc_sg {{la-decl-2nd|būticulāri}}
noun butticularius voc_sg {{la-decl-2nd|butticulāri}}
noun caballarius voc_sg {{la-decl-2nd|caballāri}}
noun caementarius voc_sg {{la-decl-2nd|caementāri}}
noun caeparius voc_sg {{la-decl-2nd|caepāri}}
noun camerarius voc_sg {{la-decl-2nd|camerāri}}
noun cancellarius voc_sg {{la-decl-2nd|cancellāri}}
noun candelabrarius voc_sg {{la-decl-2nd|candēlābrāri}}
noun caragius voc_sg {{la-decl-2nd|caragi}}
noun carcedonius voc_sg {{la-decl-2nd|carcedoni}}
noun carpentarius voc_sg {{la-decl-2nd|carpentāri}}
noun casearius voc_sg {{la-decl-2nd|cāseāri}}
noun casiarius voc_sg {{la-decl-2nd|cāsiāri}}
noun ceilarius voc_sg {{la-decl-2nd|ceilāri}}
noun cementarius voc_sg {{la-decl-2nd|cementāri}}
noun charadrius voc_sg {{la-decl-2nd|charādri}}
noun chartularius voc_sg {{la-decl-2nd|chartulāri}}
noun choerogyllius voc_sg {{la-decl-2nd|choerogylli}}
noun chyrogryllius voc_sg {{la-decl-2nd|chyrogrylli}}
noun cidalarius voc_sg {{la-decl-2nd|cīdalāri}}
noun cidelarius voc_sg {{la-decl-2nd|cīdelāri}}
noun cidlarius voc_sg {{la-decl-2nd|cīdlāri}}
noun circius voc_sg {{la-decl-2nd|circi}}
noun claustrarius voc_sg {{la-decl-2nd|claustrāri}}
noun commentarius voc_sg {{la-decl-2nd|commentāri}}
noun confectionarius voc_sg {{la-decl-2nd|cōnfectiōnāri}}
noun congius voc_sg {{la-decl-2nd|congi}}
noun contraretiarius voc_sg {{la-decl-2nd|contrārētiāri}}
noun coriarius voc_sg {{la-decl-2nd|coriāri}}
noun cornuarius voc_sg {{la-decl-2nd|cornuāri}}
noun covinarius voc_sg {{la-decl-2nd|covīnāri}}
noun covinnarius voc_sg {{la-decl-2nd|covinnāri}}
noun cursarius voc_sg {{la-decl-2nd|cursāri}}
noun cybium voc_sg {{la-decl-2nd|cybi}}
noun dardanarius voc_sg {{la-decl-2nd|dardanāri}}
noun dediticius voc_sg {{la-decl-2nd|dēditīci}}
noun denarius voc_sg {{la-decl-2nd|dēnāri}}
noun depositarius voc_sg {{la-decl-2nd|dēpositāri}}
noun diplomarius voc_sg {{la-decl-2nd|dīplōmāri}}
noun diplomatarius voc_sg {{la-decl-2nd|dīplōmatāri}}
noun doliarius voc_sg {{la-decl-2nd|dōliāri}}
noun dromedarius voc_sg {{la-decl-2nd|dromedari}}
noun dusius voc_sg {{la-decl-2nd|dusi}}
noun emissarius voc_sg {{la-decl-2nd|ēmissāri}}
noun ericius voc_sg {{la-decl-2nd|ērici}}
noun erinacius voc_sg {{la-decl-2nd|ērināci}}
noun essedarius voc_sg {{la-decl-2nd|essedāri}}
noun eximii voc_sg {{la-decl-2nd|num=pl|eximi}}
noun faenarius voc_sg {{la-decl-2nd|faenāri}}
noun falcarius voc_sg {{la-decl-2nd|falcāri}}
noun favonius voc_sg {{la-decl-2nd|favōni}}
noun fenarius voc_sg {{la-decl-2nd|fēnāri}}
noun ferentarius voc_sg {{la-decl-2nd|ferentāri}}
noun ferramentarius voc_sg {{la-decl-2nd|ferrāmentāri}}
noun ferrarius voc_sg {{la-decl-2nd|ferrāri}}
noun fictiliarius voc_sg {{la-decl-2nd|fictiliāri}}
noun firmarius voc_sg {{la-decl-2nd|firmari}}
noun foenarius voc_sg {{la-decl-2nd|foenāri}}
noun fornicarius voc_sg {{la-decl-2nd|fornicāri}}
noun fundibalarius voc_sg {{la-decl-2nd|fundibalāri}}
noun funerarius voc_sg {{la-decl-2nd|fūnerāri}}
noun gemmarius voc_sg {{la-decl-2nd|gemmāri}}
noun gerdius voc_sg {{la-decl-2nd|gerdi}}
noun glutinarius voc_sg {{la-decl-2nd|glūtināri}}
noun gogravius voc_sg {{la-decl-2nd|gōgrāvi}}
noun Gotthilfius voc_sg {{la-decl-2nd|Gotthilfi|num=sg}}
noun herbarius voc_sg {{la-decl-2nd|herbāri}}
noun herodius voc_sg {{la-decl-2nd|herōdi}}
noun indusiarius voc_sg {{la-decl-2nd|indūsiari}}
noun infirmarius voc_sg {{la-decl-2nd|īnfirmāri}}
noun insularius voc_sg {{la-decl-2nd|īnsulāri}}
noun iuscularius voc_sg {{la-decl-2nd|iūsculāri}}
noun iusticiarius voc_sg {{la-decl-2nd|iūsticiāri}}
noun iustitiarius voc_sg {{la-decl-2nd|iūstitiāri}}
noun juscularius voc_sg {{la-decl-2nd|jūsculāri}}
noun lactarius voc_sg {{la-decl-2nd|lactāri}}
noun lancearius voc_sg {{la-decl-2nd|lanceāri}}
noun lanciarius voc_sg {{la-decl-2nd|lanciāri}}
noun lanius voc_sg {{la-decl-2nd|lani}}
noun lanternarius voc_sg {{la-decl-2nd|lanternāri}}
noun laquearius voc_sg {{la-decl-2nd|laqueāri}}
noun laticlavius voc_sg {{la-decl-2nd|lāticlāvi}}
noun Latobius voc_sg {{la-decl-2nd|Lātobi|num=sg}}
noun lecticarius voc_sg {{la-decl-2nd|lectīcāri}}
noun lignarius voc_sg {{la-decl-2nd|lignāri}}
noun ligyrius voc_sg {{la-decl-2nd|ligyri}}
noun linthearius voc_sg {{la-decl-2nd|lintheāri}}
noun longurius voc_sg {{la-decl-2nd|longuri}}
noun lucius voc_sg {{la-decl-2nd|lūci}}
noun ludius voc_sg {{la-decl-2nd|lūdi}}
noun macellarius voc_sg {{la-decl-2nd|macellāri}}
noun machinarius voc_sg {{la-decl-2nd|māchināri}}
noun margaritarius voc_sg {{la-decl-2nd|margarītāri}}
noun masucius voc_sg {{la-decl-2nd|māsuci}}
noun matricularius voc_sg {{la-decl-2nd|mātrīculāri}}
noun membranarius voc_sg {{la-decl-2nd|membrānāri}}
noun mensarius voc_sg {{la-decl-2nd|mēnsāri}}
noun mercurius voc_sg {{la-decl-2nd|mercuri}}
noun metallarius voc_sg {{la-decl-2nd|metallāri}}
noun modius voc_sg {{la-decl-2nd|modi}}
noun molinarius voc_sg {{la-decl-2nd|molīnāri}}
noun mufrius voc_sg {{la-decl-2nd|mufri}}
noun necessarius voc_sg {{la-decl-2nd|necessāri}}
noun numerarius voc_sg {{la-decl-2nd|numerāri}}
noun nummularius voc_sg {{la-decl-2nd|nummulāri}}
noun ocularius voc_sg {{la-decl-2nd|oculāri}}
noun officiarius voc_sg {{la-decl-2nd|officiāri}}
noun operarius voc_sg {{la-decl-2nd|operāri}}
noun ostiarius voc_sg {{la-decl-2nd|ostiāri}}
noun paenularius voc_sg {{la-decl-2nd|paenulāri}}
noun palmarius voc_sg {{la-decl-2nd|palmāri}}
noun palumbarius voc_sg {{la-decl-2nd|palumbāri}}
noun pammacharius voc_sg {{la-decl-2nd|pammachāri}}
noun panarius voc_sg {{la-decl-2nd|pānāri}}
noun panatarius voc_sg {{la-decl-2nd|pānatāri}}
noun panaterius voc_sg {{la-decl-2nd|pānatēri}}
noun panchrestarius voc_sg {{la-decl-2nd|panchrestāri}}
noun panetarius voc_sg {{la-decl-2nd|pānetāri}}
noun partiarius voc_sg {{la-decl-2nd|partiāri}}
noun patricius voc_sg {{la-decl-2nd|pātrici}}
noun pavimentarius voc_sg {{la-decl-2nd|pavīmentāri}}
noun perarius voc_sg {{la-decl-2nd|perāri}}
noun pernarius voc_sg {{la-decl-2nd|pernāri}}
noun pirarius voc_sg {{la-decl-2nd|pirāri}}
noun piscarius voc_sg {{la-decl-2nd|piscāri}}
noun plagiarius voc_sg {{la-decl-2nd|plagiāri}}
noun plebeius voc_sg {{la-decl-2nd|plēbēi}}
noun plumarius voc_sg {{la-decl-2nd|plūmāri}}
noun plumbarius voc_sg {{la-decl-2nd|plumbāri}}
noun porcarius voc_sg {{la-decl-2nd|porcāri}}
noun portarius voc_sg {{la-decl-2nd|portāri}}
noun praerogativatius voc_sg {{la-decl-2nd|praerogātīvāti}}
noun pullarius voc_sg {{la-decl-2nd|pullāri}}
noun putorius voc_sg {{la-decl-2nd|putori}}
noun quadrigarius voc_sg {{la-decl-2nd|quadrīgāri}}
noun quaestionarius voc_sg {{la-decl-2nd|quaestiōnāri}}
noun radius voc_sg {{la-decl-2nd|radi}}
noun raedarius voc_sg {{la-decl-2nd|raedāri}}
noun retiarius voc_sg {{la-decl-2nd|rētiāri}}
noun rufius voc_sg {{la-decl-2nd|rufi}}
noun sacrarius voc_sg {{la-decl-2nd|sacrāri}}
noun sagittarius voc_sg {{la-decl-2nd|sagittāri}}
noun salariarius voc_sg {{la-decl-2nd|salāriāri}}
noun saltuarius voc_sg {{la-decl-2nd|saltuāri}}
noun sardius voc_sg {{la-decl-2nd|sardi}}
noun scalarius voc_sg {{la-decl-2nd|scālāri}}
noun scandularius voc_sg {{la-decl-2nd|scandulāri}}
noun scoparius voc_sg {{la-decl-2nd|scōpāri}}
noun scorpius voc_sg {{la-decl-2nd|scorpi}}
noun scutarius voc_sg {{la-decl-2nd|scūtāri}}
noun seminiverbius voc_sg {{la-decl-2nd|sēminiverbi}}
noun sestertius voc_sg {{la-decl-2nd|sēsterti}}
noun sicarius voc_sg {{la-decl-2nd|sīcāri}}
noun socius voc_sg {{la-decl-2nd|soci}}
noun soldurius voc_sg {{la-decl-2nd|soldūri}}
noun sororius voc_sg {{la-decl-2nd|sorōri}}
noun stivarius voc_sg {{la-decl-2nd|stīvāri}}
noun subsidiarius voc_sg {{la-decl-2nd|subsidiāri}}
noun supernumerarius voc_sg {{la-decl-2nd|supernumerari}}
noun tabellarius voc_sg {{la-decl-2nd|tabellāri}}
noun tegularius voc_sg {{la-decl-2nd|tēgulāri}}
noun tessellarius voc_sg {{la-decl-2nd|tessellāri}}
noun thunnarius voc_sg {{la-decl-2nd|thunnāri}}
noun thynnarius voc_sg {{la-decl-2nd|thynnāri}}
noun togatarius voc_sg {{la-decl-2nd|togātāri}}
noun tonnarius voc_sg {{la-decl-2nd|tonnāri}}
noun tonnarius voc_sg {{la-decl-2nd|tonnāri}}
noun topazius voc_sg {{la-decl-2nd|topazi}}
noun topiarius voc_sg {{la-decl-2nd|topiāri}}
noun tribunicius voc_sg {{la-decl-2nd|tribūnīci}}
noun tullius voc_sg {{la-decl-2nd|tulli}}
noun tunnarius voc_sg {{la-decl-2nd|tunnāri}}
noun tunnarius voc_sg {{la-decl-2nd|tunnāri}}
noun unguentarius voc_sg {{la-decl-2nd|unguentāri}}
noun vascularius voc_sg {{la-decl-2nd|vāsculāri}}
noun veredarius voc_sg {{la-decl-2nd|verēdāri}}
noun vicarius voc_sg {{la-decl-2nd|vicāri}}
noun victimarius voc_sg {{la-decl-2nd|victimāri}}
noun Visucius voc_sg {{la-decl-2nd|Visuci|num=sg}}
noun voluntarius voc_sg {{la-decl-2nd|voluntāri}}
noun zonarius voc_sg {{la-decl-2nd|zōnāri}}
noun Abudius voc_sg {{la-decl-2nd|num=sg|Abudi}}
noun Aburius voc_sg {{la-decl-2nd|num=sg|Aburi}}
noun Accius voc_sg {{la-decl-2nd|num=sg|Acci}}
noun Accoleius voc_sg {{la-decl-2nd|num=sg|Accolēi}}
noun Acerronius voc_sg {{la-decl-2nd|num=sg|Acerrōni}}
noun Acontius voc_sg {{la-decl-2nd|num=sg|Aconti}}
noun Acrisius voc_sg {{la-decl-2nd|num=sg|Acrisi}}
noun Actorius voc_sg {{la-decl-2nd|num=sg|Actōri}}
noun Acutius voc_sg {{la-decl-2nd|num=sg|Acūti}}
noun Aebutius voc_sg {{la-decl-2nd|num=sg|Aebūti}}
noun Aegidius voc_sg {{la-decl-2nd|num=sg|Aegīdi}}
noun Aelius voc_sg {{la-decl-2nd|num=sg|Aeli}}
noun Aesius voc_sg {{la-decl-2nd|num=sg|Aesi}}
noun Aestii voc_sg {{la-decl-2nd|num=pl|Aesti}}
noun Aethlius voc_sg {{la-decl-2nd|Aethli|num=sg}}
noun Afranius voc_sg {{la-decl-2nd|num=sg|Afrāni}}
noun Agrius voc_sg {{la-decl-2nd|num=sg|Agri}}
noun Agrius voc_sg {{la-decl-2nd|num=sg|Agri}}
noun Albinius voc_sg {{la-decl-2nd|num=sg|Albini}}
noun Albius voc_sg {{la-decl-2nd|num=sg|Albi}}
noun Albucius voc_sg {{la-decl-2nd|num=sg|Albūci}}
noun Alfius voc_sg {{la-decl-2nd|num=sg|Alfi}}
noun Alledius voc_sg {{la-decl-2nd|num=sg|Alledi}}
noun Alsium voc_sg {{la-decl-2nd|loc=1|num=sg|Alsi}}
noun Amafinius voc_sg {{la-decl-2nd|num=sg|Amafini}}
noun Ambivius voc_sg {{la-decl-2nd|num=sg|Ambivi}}
noun Ampius voc_sg {{la-decl-2nd|num=sg|Ampi}}
noun Amulius voc_sg {{la-decl-2nd|Amūli|num=sg}}
noun Ancharius voc_sg {{la-decl-2nd|num=sg|Anchāri}}
noun Ancilius voc_sg {{la-decl-2nd|num=sg|Ancili}}
noun Andrius voc_sg {{la-decl-2nd|num=sg|Andri}}
noun Anicius voc_sg {{la-decl-2nd|num=sg|Anici}}
noun Annius voc_sg {{la-decl-2nd|num=sg|Anni}}
noun Ansibarii voc_sg {{la-decl-2nd|num=pl|Ansibari}}
noun Antistius voc_sg {{la-decl-2nd|num=sg|Antisti}}
noun Apicius voc_sg {{la-decl-2nd|num=sg|Apīci}}
noun Aponius voc_sg {{la-decl-2nd|num=sg|Apōni}}
noun Apronius voc_sg {{la-decl-2nd|num=sg|Āprōni}}
noun Apustius voc_sg {{la-decl-2nd|num=sg|Apusti}}
noun Aquilius voc_sg {{la-decl-2nd|num=sg|Aquili}}
noun Aquinius voc_sg {{la-decl-2nd|num=sg|Aquīni}}
noun Arellius voc_sg {{la-decl-2nd|num=sg|Arelli}}
noun Arennius voc_sg {{la-decl-2nd|num=sg|Arenni}}
noun Aristius voc_sg {{la-decl-2nd|num=sg|Aristi}}
noun Arius voc_sg {{la-decl-2nd|num=sg|Ari}}
noun Arminius voc_sg {{la-decl-2nd|Armini|num=sg}}
noun Aroanius voc_sg {{la-decl-2nd|num=sg|Aroani}}
noun Arpineius voc_sg {{la-decl-2nd|num=sg|Arpinēi}}
noun Arrius voc_sg {{la-decl-2nd|num=sg|Arri}}
noun Arruntius voc_sg {{la-decl-2nd|num=sg|Arrunti}}
noun Articuleius voc_sg {{la-decl-2nd|num=sg|Articulēi}}
noun Artorius voc_sg {{la-decl-2nd|num=sg|Artori}}
noun Arvii voc_sg {{la-decl-2nd|num=pl|Arvi}}
noun Ascanius voc_sg {{la-decl-2nd|num=sg|Ascani}}
noun Asellius voc_sg {{la-decl-2nd|num=sg|Aselli}}
noun Asidius voc_sg {{la-decl-2nd|num=sg|Asidi}}
noun Asinius voc_sg {{la-decl-2nd|num=sg|Asini}}
noun Ateius voc_sg {{la-decl-2nd|num=sg|Atēi}}
noun Aternius voc_sg {{la-decl-2nd|num=sg|Aterni}}
noun Atilius voc_sg {{la-decl-2nd|num=sg|Atīli}}
noun Atinius voc_sg {{la-decl-2nd|num=sg|Atīni}}
noun Atius voc_sg {{la-decl-2nd|num=sg|Ati}}
noun Atrius voc_sg {{la-decl-2nd|num=sg|Ātri}}
noun Aufeius voc_sg {{la-decl-2nd|num=sg|Aufēi}}
noun Aufidius voc_sg {{la-decl-2nd|num=sg|Aufidi}}
noun Aurius voc_sg {{la-decl-2nd|num=sg|Auri}}
noun Aurunculeius voc_sg {{la-decl-2nd|num=sg|Aurunculēi}}
noun Ausonius voc_sg {{la-decl-2nd|Ausoni|num=sg}}
noun Autronius voc_sg {{la-decl-2nd|num=sg|Autrōni}}
noun Auxacii voc_sg {{la-decl-2nd|num=pl|Auxaci}}
noun Avianius voc_sg {{la-decl-2nd|num=sg|Aviāni}}
noun Avidius voc_sg {{la-decl-2nd|num=sg|Avidi}}
noun Axius voc_sg {{la-decl-2nd|num=sg|Axi}}
noun Axius voc_sg {{la-decl-2nd|num=sg|Axi}}
noun Babullius voc_sg {{la-decl-2nd|num=sg|Babulli}}
noun Bacuntius voc_sg {{la-decl-2nd|num=sg|Bacunti}}
noun Baebius voc_sg {{la-decl-2nd|num=sg|Baebi}}
noun Bantius voc_sg {{la-decl-2nd|num=sg|Banti}}
noun Barbatius voc_sg {{la-decl-2nd|num=sg|Barbāti}}
noun Belisarius voc_sg {{la-decl-2nd|num=sg|Belisari}}
noun Betasii voc_sg {{la-decl-2nd|num=pl|Betasi}}
noun Betutius voc_sg {{la-decl-2nd|num=sg|Betūti}}
noun Birrius voc_sg {{la-decl-2nd|num=sg|Birri}}
noun Bitius voc_sg {{la-decl-2nd|num=sg|Biti}}
noun Blaesius voc_sg {{la-decl-2nd|num=sg|Blaesi}}
noun Blossius voc_sg {{la-decl-2nd|num=sg|Blossi}}
noun Boagrius voc_sg {{la-decl-2nd|num=sg|Boagri}}
noun Boii voc_sg {{la-decl-2nd|num=pl|Boi}}
noun Briareius voc_sg {{la-decl-2nd|num=sg|Briarei}}
noun Brinnius voc_sg {{la-decl-2nd|num=sg|Brinni}}
noun Bruttii voc_sg {{la-decl-2nd|num=pl|Brutti}}
noun Bruttius voc_sg {{la-decl-2nd|num=sg|Brutti}}
noun Bucculeius voc_sg {{la-decl-2nd|num=sg|Bucculēi}}
noun Burbuleius voc_sg {{la-decl-2nd|num=sg|Burbulēi}}
noun Bussenius voc_sg {{la-decl-2nd|num=sg|Busseni}}
noun Cadius voc_sg {{la-decl-2nd|num=sg|Cadi}}
noun Cadusii voc_sg {{la-decl-2nd|num=pl|Cadūsi}}
noun Caedicius voc_sg {{la-decl-2nd|num=sg|Caedici}}
noun Caedrius voc_sg {{la-decl-2nd|num=sg|Caedri}}
noun Caelius voc_sg {{la-decl-2nd|num=sg|Caeli}}
noun Caepasius voc_sg {{la-decl-2nd|num=sg|Caepāsi}}
noun Caerellius voc_sg {{la-decl-2nd|num=sg|Caerelli}}
noun Caesellius voc_sg {{la-decl-2nd|num=sg|Caeselli}}
noun Caesennius voc_sg {{la-decl-2nd|num=sg|Caesenni}}
noun Caesetius voc_sg {{la-decl-2nd|num=sg|Caeseti}}
noun Caesius voc_sg {{la-decl-2nd|num=sg|Caesi}}
noun Caesonius voc_sg {{la-decl-2nd|num=sg|Caesōni}}
noun Caetronius voc_sg {{la-decl-2nd|num=sg|Caetrōni}}
noun Calavius voc_sg {{la-decl-2nd|num=sg|Calavi}}
noun Calidius voc_sg {{la-decl-2nd|num=sg|Calidi}}
noun Calpurnius voc_sg {{la-decl-2nd|num=sg|Calpurni}}
noun Calventius voc_sg {{la-decl-2nd|num=sg|Calventi}}
noun Calvisius voc_sg {{la-decl-2nd|num=sg|Calvisi}}
noun Cambunii voc_sg {{la-decl-2nd|num=pl|Cambūni}}
noun Camerius voc_sg {{la-decl-2nd|num=sg|Cameri}}
noun Camonius voc_sg {{la-decl-2nd|num=sg|Camōni}}
noun Canarii voc_sg {{la-decl-2nd|num=pl|Canari}}
noun Canidius voc_sg {{la-decl-2nd|num=sg|Cānidi}}
noun Caninius voc_sg {{la-decl-2nd|num=sg|Canīni}}
noun Canius voc_sg {{la-decl-2nd|num=sg|Cāni}}
noun Cantilius voc_sg {{la-decl-2nd|num=sg|Cantili}}
noun Canuleius voc_sg {{la-decl-2nd|num=sg|Canulēi}}
noun Carisius voc_sg {{la-decl-2nd|num=sg|Carisi}}
noun Caristanius voc_sg {{la-decl-2nd|num=sg|Caristāni}}
noun Carpinatius voc_sg {{la-decl-2nd|num=sg|Carpināti}}
noun Carteius voc_sg {{la-decl-2nd|num=sg|Cartei}}
noun Carvetii voc_sg {{la-decl-2nd|num=pl|Carveti}}
noun Carvilius voc_sg {{la-decl-2nd|num=sg|Carvili}}
noun Casatius voc_sg {{la-decl-2nd|num=sg|Casāti}}
noun Cascellius voc_sg {{la-decl-2nd|num=sg|Cascelli}}
noun Casius voc_sg {{la-decl-2nd|num=sg|Casi}}
noun Casperius voc_sg {{la-decl-2nd|num=sg|Casperi}}
noun Cassius voc_sg {{la-decl-2nd|num=sg|Cassi}}
noun Castricius voc_sg {{la-decl-2nd|num=sg|Castrici}}
noun Catilius voc_sg {{la-decl-2nd|num=sg|Catili}}
noun Catonius voc_sg {{la-decl-2nd|num=sg|Catōni}}
noun Cavii voc_sg {{la-decl-2nd|num=pl|Cavi}}
noun Ceionius voc_sg {{la-decl-2nd|num=sg|Ceiōni}}
noun Centenius voc_sg {{la-decl-2nd|num=sg|Centēni}}
noun Cercetius voc_sg {{la-decl-2nd|num=sg|Cerceti}}
noun Cervarius voc_sg {{la-decl-2nd|num=sg|Cervāri}}
noun Cestius voc_sg {{la-decl-2nd|num=sg|Cesti}}
noun Cetius voc_sg {{la-decl-2nd|num=sg|Cēti}}
noun Chadisius voc_sg {{la-decl-2nd|num=sg|Chadisi}}
noun Chesius voc_sg {{la-decl-2nd|num=sg|Chēsi}}
noun Chorasmii voc_sg {{la-decl-2nd|num=pl|Chorasmi}}
noun Cicereius voc_sg {{la-decl-2nd|num=sg|Cicerēi}}
noun Cilnius voc_sg {{la-decl-2nd|num=sg|Cilni}}
noun Cincius voc_sg {{la-decl-2nd|num=sg|Cinci}}
noun Cingonius voc_sg {{la-decl-2nd|num=sg|Cingōni}}
noun Cipius voc_sg {{la-decl-2nd|num=sg|Cipi}}
noun Cispius voc_sg {{la-decl-2nd|num=sg|Cispi}}
noun Cissii voc_sg {{la-decl-2nd|num=pl|Cissi}}
noun Cissonius voc_sg {{la-decl-2nd|num=sg|Cissōni}}
noun Cius voc_sg {{la-decl-2nd|num=sg|Ci}}
noun Cloelius voc_sg {{la-decl-2nd|num=sg|Cloeli}}
noun Cluentius voc_sg {{la-decl-2nd|num=sg|Cluenti}}
noun Clusius voc_sg {{la-decl-2nd|num=sg|Clūsi}}
noun Clutorius voc_sg {{la-decl-2nd|num=sg|Clutōri}}
noun Cluvius voc_sg {{la-decl-2nd|num=sg|Cluvi}}
noun Cocceius voc_sg {{la-decl-2nd|num=sg|Coccēi}}
noun Cocilius voc_sg {{la-decl-2nd|num=sg|Cocili}}
noun Colycantii voc_sg {{la-decl-2nd|num=pl|Colycanti}}
noun Comatius voc_sg {{la-decl-2nd|num=sg|Comāti}}
noun Comicius voc_sg {{la-decl-2nd|num=sg|Comici}}
noun Cominius voc_sg {{la-decl-2nd|num=sg|Comini}}
noun Confucius voc_sg {{la-decl-2nd|Cōnfuci|num=sg}}
noun Conii voc_sg {{la-decl-2nd|num=pl|Coni}}
noun Connonius voc_sg {{la-decl-2nd|num=sg|Connōni}}
noun Consentius voc_sg {{la-decl-2nd|num=sg|Consenti}}
noun Considius voc_sg {{la-decl-2nd|num=sg|Considi}}
noun Copellius voc_sg {{la-decl-2nd|num=sg|Copelli}}
noun Coponius voc_sg {{la-decl-2nd|num=sg|Cōpōni}}
noun Cordius voc_sg {{la-decl-2nd|num=sg|Cordi}}
noun Corellius voc_sg {{la-decl-2nd|num=sg|Corelli}}
noun Corfidius voc_sg {{la-decl-2nd|num=sg|Corfīdi}}
noun Coricius voc_sg {{la-decl-2nd|num=sg|Corici}}
noun Corius voc_sg {{la-decl-2nd|num=sg|Cori}}
noun Cornificius voc_sg {{la-decl-2nd|num=sg|Cornifici}}
noun Coruncanius voc_sg {{la-decl-2nd|num=sg|Coruncāni}}
noun Cosconius voc_sg {{la-decl-2nd|num=sg|Coscōni}}
noun Cossinius voc_sg {{la-decl-2nd|num=sg|Cossini}}
noun Cossutius voc_sg {{la-decl-2nd|num=sg|Cossuti}}
noun Cottius voc_sg {{la-decl-2nd|Cotti|num=sg}}
noun Cranii voc_sg {{la-decl-2nd|num=pl|Crani}}
noun Crassitius voc_sg {{la-decl-2nd|num=sg|Crassiti}}
noun Cremutius voc_sg {{la-decl-2nd|num=sg|Cremūti}}
noun Crepereius voc_sg {{la-decl-2nd|num=sg|Creperēi}}
noun Critonius voc_sg {{la-decl-2nd|num=sg|Critōni}}
noun Crius voc_sg {{la-decl-2nd|num=sg|Cri}}
noun Crustumius voc_sg {{la-decl-2nd|num=sg|Crustumi}}
noun Cuarius voc_sg {{la-decl-2nd|num=sg|Cuari}}
noun Cupiennius voc_sg {{la-decl-2nd|num=sg|Cupienni}}
noun Curiatius voc_sg {{la-decl-2nd|num=sg|Curiati}}
noun Curidius voc_sg {{la-decl-2nd|num=sg|Curidi}}
noun Curius voc_sg {{la-decl-2nd|num=sg|Curi}}
noun Curtilius voc_sg {{la-decl-2nd|num=sg|Curtili}}
noun Curtius voc_sg {{la-decl-2nd|num=sg|Curti}}
noun Cuspius voc_sg {{la-decl-2nd|num=sg|Cuspi}}
noun Danubius voc_sg {{la-decl-2nd|num=sg|Danubi}}
noun Dassaretii voc_sg {{la-decl-2nd|num=pl|Dassareti}}
noun Dasumius voc_sg {{la-decl-2nd|num=sg|Dasumi}}
noun Daunii voc_sg {{la-decl-2nd|num=pl|Dauni}}
noun Decidius voc_sg {{la-decl-2nd|num=sg|Dēcidi}}
noun Decius voc_sg {{la-decl-2nd|num=sg|Deci}}
noun Decrius voc_sg {{la-decl-2nd|num=sg|Decri}}
noun Dellius voc_sg {{la-decl-2nd|num=sg|Delli}}
noun Desticius voc_sg {{la-decl-2nd|num=sg|Destici}}
noun Dexius voc_sg {{la-decl-2nd|num=sg|Dexi}}
noun Didius voc_sg {{la-decl-2nd|num=sg|Dīdi}}
noun Digitius voc_sg {{la-decl-2nd|num=sg|Digiti}}
noun Dillius voc_sg {{la-decl-2nd|num=sg|Dilli}}
noun Domitius voc_sg {{la-decl-2nd|num=sg|Domiti}}
noun Dottius voc_sg {{la-decl-2nd|num=sg|Dotti}}
noun Ducenius voc_sg {{la-decl-2nd|num=sg|Ducēni}}
noun Duilius voc_sg {{la-decl-2nd|num=sg|Duīli}}
noun Dulgubnii voc_sg {{la-decl-2nd|num=pl|Dulgubni}}
noun Dumnonii voc_sg {{la-decl-2nd|num=pl|Dumnōni}}
noun Duranius voc_sg {{la-decl-2nd|num=sg|Durāni}}
noun Duronius voc_sg {{la-decl-2nd|num=sg|Durōni}}
noun Duvius voc_sg {{la-decl-2nd|num=sg|Duvi}}
noun Eggius voc_sg {{la-decl-2nd|num=sg|Eggi}}
noun Egilius voc_sg {{la-decl-2nd|num=sg|Egili}}
noun Egnatius voc_sg {{la-decl-2nd|num=sg|Egnāti}}
noun Egnatuleius voc_sg {{la-decl-2nd|num=sg|Egnātulēi}}
noun Egrilius voc_sg {{la-decl-2nd|num=sg|Egrili}}
noun Ennius voc_sg {{la-decl-2nd|num=sg|Enni}}
noun Epanterii voc_sg {{la-decl-2nd|num=pl|Epanteri}}
noun Epeii voc_sg {{la-decl-2nd|num=pl|Epei}}
noun Epidii voc_sg {{la-decl-2nd|num=pl|Epidi}}
noun Epidius voc_sg {{la-decl-2nd|num=sg|Epidi}}
noun Eppius voc_sg {{la-decl-2nd|num=sg|Eppi}}
noun Eprius voc_sg {{la-decl-2nd|num=sg|Epri}}
noun Erucius voc_sg {{la-decl-2nd|num=sg|Eruci}}
noun Faberius voc_sg {{la-decl-2nd|num=sg|Faberi}}
noun Fabius voc_sg {{la-decl-2nd|num=sg|Fabi}}
noun Fabricius voc_sg {{la-decl-2nd|num=sg|Fābrici}}
noun Fabrinius voc_sg {{la-decl-2nd|num=sg|Fabrīni}}
noun Fadius voc_sg {{la-decl-2nd|num=sg|Fadi}}
noun Faecinius voc_sg {{la-decl-2nd|num=sg|Faecini}}
noun Fafinius voc_sg {{la-decl-2nd|num=sg|Fafīni}}
noun Falanius voc_sg {{la-decl-2nd|num=sg|Falani}}
noun Falcidius voc_sg {{la-decl-2nd|num=sg|Falcidi}}
noun Falerii voc_sg {{la-decl-2nd|num=pl|Faleri}}
noun Faltonius voc_sg {{la-decl-2nd|num=sg|Faltōni}}
noun Fannius voc_sg {{la-decl-2nd|num=sg|Fanni}}
noun Farsuleius voc_sg {{la-decl-2nd|num=sg|Farsulēi}}
noun Faucius voc_sg {{la-decl-2nd|num=sg|Fauci}}
noun Favonius voc_sg {{la-decl-2nd|num=sg|Favōni}}
noun Fenius voc_sg {{la-decl-2nd|num=sg|Feni}}
noun Ferennius voc_sg {{la-decl-2nd|num=sg|Ferenni}}
noun Fidiculanius voc_sg {{la-decl-2nd|num=sg|Fidiculāni}}
noun Fidustius voc_sg {{la-decl-2nd|num=sg|Fidusti}}
noun Fircellius voc_sg {{la-decl-2nd|num=sg|Fircelli}}
noun Firmius voc_sg {{la-decl-2nd|num=sg|Firmi}}
noun Flaminius voc_sg {{la-decl-2nd|num=sg|Flāmini}}
noun Flavius voc_sg {{la-decl-2nd|Flāvi}}
noun Florius voc_sg {{la-decl-2nd|num=sg|Flōri}}
noun Fonteius voc_sg {{la-decl-2nd|num=sg|Fontēi}}
noun Foslius voc_sg {{la-decl-2nd|num=sg|Fosli}}
noun Frisii voc_sg {{la-decl-2nd|num=pl|Frīsi}}
noun Fufidius voc_sg {{la-decl-2nd|num=sg|Fūfidi}}
noun Fufius voc_sg {{la-decl-2nd|num=sg|Fūfi}}
noun Fulcinius voc_sg {{la-decl-2nd|num=sg|Fulcīni}}
noun Fullonius voc_sg {{la-decl-2nd|num=sg|Fullōni}}
noun Fulvius voc_sg {{la-decl-2nd|num=sg|Fulvi}}
noun Furius voc_sg {{la-decl-2nd|num=sg|Fūri}}
noun Furnius voc_sg {{la-decl-2nd|num=sg|Furni}}
noun Gabii voc_sg {{la-decl-2nd|num=pl|Gabi}}
noun Gabinius voc_sg {{la-decl-2nd|num=sg|Gabīni}}
noun Gallonius voc_sg {{la-decl-2nd|num=sg|Gallōni}}
noun Gargilius voc_sg {{la-decl-2nd|num=sg|Gargili}}
noun Gargonius voc_sg {{la-decl-2nd|num=sg|Gargōni}}
noun Gavilius voc_sg {{la-decl-2nd|num=sg|Gavili}}
noun Gavius voc_sg {{la-decl-2nd|num=sg|Gāvi}}
noun Geganius voc_sg {{la-decl-2nd|num=sg|Gegāni}}
noun Gellius voc_sg {{la-decl-2nd|num=sg|Gelli}}
noun Geminius voc_sg {{la-decl-2nd|num=sg|Gemini}}
noun Genucius voc_sg {{la-decl-2nd|num=sg|Genuci}}
noun Giglius voc_sg {{la-decl-2nd|num=sg|Gigli}}
noun Glitius voc_sg {{la-decl-2nd|num=sg|Gliti}}
noun Granius voc_sg {{la-decl-2nd|num=sg|Grāni}}
noun Gratidius voc_sg {{la-decl-2nd|num=sg|Grātidi}}
noun Gratius voc_sg {{la-decl-2nd|num=sg|Grāti}}
noun Grillius voc_sg {{la-decl-2nd|num=sg|Grilli}}
noun Gualterius voc_sg {{la-decl-2nd|Gualteri}}
noun Gurdinii voc_sg {{la-decl-2nd|num=pl|Gurdini}}
noun Haius voc_sg {{la-decl-2nd|num=sg|Hai}}
noun Hamaxobii voc_sg {{la-decl-2nd|num=pl|Hamaxobi}}
noun Harii voc_sg {{la-decl-2nd|num=pl|Hari}}
noun Haterius voc_sg {{la-decl-2nd|num=sg|Hateri}}
noun Hedius voc_sg {{la-decl-2nd|num=sg|Hedi}}
noun Heius voc_sg {{la-decl-2nd|num=sg|Hēi}}
noun Helvidius voc_sg {{la-decl-2nd|num=sg|Helvidi}}
noun Helvii voc_sg {{la-decl-2nd|num=pl|Helvi}}
noun Helvius voc_sg {{la-decl-2nd|num=sg|Helvi}}
noun Herdonius voc_sg {{la-decl-2nd|num=sg|Herdōni}}
noun Herennius voc_sg {{la-decl-2nd|num=sg|Hērenni}}
noun Herius voc_sg {{la-decl-2nd|num=sg|Heri}}
noun Herius voc_sg {{la-decl-2nd|num=sg|Hēri}}
noun Hermentidius voc_sg {{la-decl-2nd|num=sg|Hermentidi}}
noun Hertorius voc_sg {{la-decl-2nd|num=sg|Hertōri}}
noun Hirrius voc_sg {{la-decl-2nd|num=sg|Hirri}}
noun Hirtius voc_sg {{la-decl-2nd|num=sg|Hirti}}
noun Holconius voc_sg {{la-decl-2nd|num=sg|Holcōni}}
noun Hordeonius voc_sg {{la-decl-2nd|num=sg|Hordeōni}}
noun Horisius voc_sg {{la-decl-2nd|num=sg|Horisi}}
noun Hortensius voc_sg {{la-decl-2nd|num=sg|Hortēnsi}}
noun Hosidius voc_sg {{la-decl-2nd|num=sg|Hosidi}}
noun Hostilius voc_sg {{la-decl-2nd|num=sg|Hostīli}}
noun Hypius voc_sg {{la-decl-2nd|num=sg|Hypi}}
noun Iassii voc_sg {{la-decl-2nd|num=pl|Iassi}}
noun Iccius voc_sg {{la-decl-2nd|num=sg|Icci}}
noun Icilius voc_sg {{la-decl-2nd|num=sg|Icili}}
noun Insteius voc_sg {{la-decl-2nd|num=sg|Instēi}}
noun Intemelii voc_sg {{la-decl-2nd|num=pl|Intemeli}}
noun Iturius voc_sg {{la-decl-2nd|num=sg|Ituri}}
noun Juventius voc_sg {{la-decl-2nd|num=sg|Juventi}}
noun Laberius voc_sg {{la-decl-2nd|num=sg|Laberi}}
noun Lacerius voc_sg {{la-decl-2nd|num=sg|Laceri}}
noun Lactantius voc_sg {{la-decl-2nd|num=sg|Lactanti|voc_sg=Lactantī}}
noun Laecanius voc_sg {{la-decl-2nd|num=sg|Laecāni}}
noun Laetilius voc_sg {{la-decl-2nd|num=sg|Laetīli}}
noun Laetorius voc_sg {{la-decl-2nd|num=sg|Laetōri}}
noun Laevius voc_sg {{la-decl-2nd|num=sg|Laevi}}
noun Laius voc_sg {{la-decl-2nd|num=sg|Lāi}}
noun Lamponius voc_sg {{la-decl-2nd|num=sg|Lampōni}}
noun Lappius voc_sg {{la-decl-2nd|num=sg|Lappi}}
noun Larcius voc_sg {{la-decl-2nd|num=sg|Larci}}
noun Larius voc_sg {{la-decl-2nd|num=sg|Lāri}}
noun Laronius voc_sg {{la-decl-2nd|num=sg|Lārōni}}
noun Lartidius voc_sg {{la-decl-2nd|num=sg|Lartidi}}
noun Latinius voc_sg {{la-decl-2nd|num=sg|Latīni}}
noun Lemonius voc_sg {{la-decl-2nd|num=sg|Lēmōni}}
noun Lentidius voc_sg {{la-decl-2nd|num=sg|Lentidi}}
noun Lepontii voc_sg {{la-decl-2nd|num=pl|Leponti}}
noun Lexovii voc_sg {{la-decl-2nd|num=pl|Lexovi}}
noun Libicii voc_sg {{la-decl-2nd|num=pl|Libici}}
noun Libnius voc_sg {{la-decl-2nd|num=sg|Libni}}
noun Licinius voc_sg {{la-decl-2nd|num=sg|Licini}}
noun Ligarius voc_sg {{la-decl-2nd|num=sg|Ligāri}}
noun Ligii voc_sg {{la-decl-2nd|num=pl|Ligi}}
noun Livineius voc_sg {{la-decl-2nd|num=sg|Līvinēi}}
noun Livius voc_sg {{la-decl-2nd|num=sg|Līvi}}
noun Lollius voc_sg {{la-decl-2nd|num=sg|Lolli}}
noun Longidius voc_sg {{la-decl-2nd|num=sg|Longidi}}
noun Lucceius voc_sg {{la-decl-2nd|num=sg|Luccēi}}
noun Lucretius voc_sg {{la-decl-2nd|num=sg|Lucrēti}}
noun Lucterius voc_sg {{la-decl-2nd|Luctēri|num=sg}}
noun Lupenii voc_sg {{la-decl-2nd|num=pl|Lupeni}}
noun Lurius voc_sg {{la-decl-2nd|num=sg|Luri}}
noun Luscius voc_sg {{la-decl-2nd|num=sg|Lusci}}
noun Lusius voc_sg {{la-decl-2nd|num=sg|Lusi}}
noun Lusius voc_sg {{la-decl-2nd|num=sg|Lūsi}}
noun Lutatius voc_sg {{la-decl-2nd|num=sg|Lutāti}}
noun Maccius voc_sg {{la-decl-2nd|num=sg|Macci}}
noun Maecilius voc_sg {{la-decl-2nd|num=sg|Maecili}}
noun Maecius voc_sg {{la-decl-2nd|num=sg|Maeci}}
noun Maelius voc_sg {{la-decl-2nd|num=sg|Maeli}}
noun Maenius voc_sg {{la-decl-2nd|num=sg|Maeni}}
noun Maevius voc_sg {{la-decl-2nd|num=sg|Maevi}}
noun Magius voc_sg {{la-decl-2nd|num=sg|Magi}}
noun Maianius voc_sg {{la-decl-2nd|num=sg|Maiāni}}
noun Maius voc_sg {{la-decl-2nd|Mai|num=sg}}
noun Maius voc_sg {{la-decl-2nd|Mai|num=sg}}
noun Mallius voc_sg {{la-decl-2nd|num=sg|Malli}}
noun Mamilius voc_sg {{la-decl-2nd|num=sg|Māmili}}
noun Mandonius voc_sg {{la-decl-2nd|num=sg|Mandoni}}
noun Mandubii voc_sg {{la-decl-2nd|num=pl|Mandūbi}}
noun Manilius voc_sg {{la-decl-2nd|num=sg|Mānīli}}
noun Manius voc_sg {{la-decl-2nd|num=sg|Māni}}
noun Manlius voc_sg {{la-decl-2nd|num=sg|Manli}}
noun Mardonius voc_sg {{la-decl-2nd|Mardoni|num=sg}}
noun Marius voc_sg {{la-decl-2nd|Mari}}
noun Masistius voc_sg {{la-decl-2nd|Masisti|num=sg}}
noun Masius voc_sg {{la-decl-2nd|num=sg|Masi}}
noun Masurius voc_sg {{la-decl-2nd|num=sg|Masuri}}
noun Matidius voc_sg {{la-decl-2nd|num=sg|Matidi}}
noun Matinius voc_sg {{la-decl-2nd|num=sg|Matīni}}
noun Matius voc_sg {{la-decl-2nd|num=sg|Mati}}
noun Matrinius voc_sg {{la-decl-2nd|num=sg|Mātrīni}}
noun Melanthius voc_sg {{la-decl-2nd|num=sg|Melanthi}}
noun Memmius voc_sg {{la-decl-2nd|num=sg|Memmi}}
noun Menapii voc_sg {{la-decl-2nd|num=pl|Menapi}}
noun Menenius voc_sg {{la-decl-2nd|num=sg|Menēni}}
noun Messapii voc_sg {{la-decl-2nd|loc=1|num=pl|Messapi}}
noun Messidius voc_sg {{la-decl-2nd|num=sg|Messidi}}
noun Messius voc_sg {{la-decl-2nd|num=sg|Messi}}
noun Mestrius voc_sg {{la-decl-2nd|num=sg|Mestri}}
noun Metilius voc_sg {{la-decl-2nd|num=sg|Metili}}
noun Mettius voc_sg {{la-decl-2nd|num=sg|Metti}}
noun Mezentius voc_sg {{la-decl-2nd|Mezenti|num=sg}}
noun Milonius voc_sg {{la-decl-2nd|num=sg|Mīlōni}}
noun Mimesius voc_sg {{la-decl-2nd|num=sg|Mimesi}}
noun Mincius voc_sg {{la-decl-2nd|num=sg|Minci}}
noun Minidius voc_sg {{la-decl-2nd|num=sg|Minidi}}
noun Minius voc_sg {{la-decl-2nd|num=sg|Mini}}
noun Minucius voc_sg {{la-decl-2nd|num=sg|Minuci}}
noun Modius voc_sg {{la-decl-2nd|num=sg|Modi}}
noun Monnius voc_sg {{la-decl-2nd|num=sg|Monni}}
noun Monunius voc_sg {{la-decl-2nd|Monūni|num=sg}}
noun Morius voc_sg {{la-decl-2nd|num=sg|Mōri}}
noun Mucius voc_sg {{la-decl-2nd|num=sg|Mūci}}
noun Mulvius voc_sg {{la-decl-2nd|num=sg|Mulvi}}
noun Mummius voc_sg {{la-decl-2nd|num=sg|Mummi}}
noun Munatius voc_sg {{la-decl-2nd|num=sg|Munāti}}
noun Murius voc_sg {{la-decl-2nd|num=sg|Muri}}
noun Murricius voc_sg {{la-decl-2nd|num=sg|Murrici}}
noun Musonius voc_sg {{la-decl-2nd|num=sg|Mūsōni}}
noun Mussidius voc_sg {{la-decl-2nd|num=sg|Mussidi}}
noun Mustius voc_sg {{la-decl-2nd|num=sg|Musti}}
noun Musulamii voc_sg {{la-decl-2nd|num=pl|Musulami}}
noun Mutilius voc_sg {{la-decl-2nd|num=sg|Mutili}}
noun Mygdonius voc_sg {{la-decl-2nd|num=sg|Mygdoni}}
noun Nanneius voc_sg {{la-decl-2nd|num=sg|Nannei}}
noun Narisci voc_sg {{la-decl-2nd|num=pl|Narisci}}
noun Nasennius voc_sg {{la-decl-2nd|num=sg|Nasenni}}
noun Nasidius voc_sg {{la-decl-2nd|num=sg|Nāsidi}}
noun Nautius voc_sg {{la-decl-2nd|num=sg|Nauti}}
noun Neratius voc_sg {{la-decl-2nd|num=sg|Nerāti}}
noun Neri voc_sg {{la-decl-2nd|num=pl|Neri}}
noun Nerius voc_sg {{la-decl-2nd|num=sg|Nēri}}
noun Nervii voc_sg {{la-decl-2nd|num=pl|Nervi}}
noun Nicephorius voc_sg {{la-decl-2nd|num=sg|Nīcēphori}}
noun Nigidius voc_sg {{la-decl-2nd|num=sg|Nigidi}}
noun Ninnius voc_sg {{la-decl-2nd|num=sg|Ninni}}
noun Nonius voc_sg {{la-decl-2nd|num=sg|Nōni}}
noun Nostius voc_sg {{la-decl-2nd|num=sg|Nosti}}
noun Novius voc_sg {{la-decl-2nd|num=sg|Novi}}
noun Numerius voc_sg {{la-decl-2nd|num=sg|Numeri}}
noun Numicius voc_sg {{la-decl-2nd|num=sg|Numīci}}
noun Numisius voc_sg {{la-decl-2nd|num=sg|Numisi}}
noun Numitorius voc_sg {{la-decl-2nd|num=sg|Numitōri}}
noun Nummius voc_sg {{la-decl-2nd|num=sg|Nummi}}
noun Nymphidius voc_sg {{la-decl-2nd|num=sg|Nymphidi}}
noun Obultronius voc_sg {{la-decl-2nd|num=sg|Obultrōni}}
noun Occius voc_sg {{la-decl-2nd|num=sg|Occi}}
noun Ocharius voc_sg {{la-decl-2nd|num=sg|Ochari}}
noun Oclatinius voc_sg {{la-decl-2nd|num=sg|Oclatīni}}
noun Oclatius voc_sg {{la-decl-2nd|num=sg|Oclati}}
noun Octavius voc_sg {{la-decl-2nd|num=sg|Octāvi}}
noun Ofanius voc_sg {{la-decl-2nd|num=sg|Ofāni}}
noun Ofilius voc_sg {{la-decl-2nd|num=sg|Ofili}}
noun Ofonius voc_sg {{la-decl-2nd|num=sg|Ofōni}}
noun Ogulnius voc_sg {{la-decl-2nd|num=sg|Ogulni}}
noun Olbius voc_sg {{la-decl-2nd|num=sg|Olbi}}
noun Ollius voc_sg {{la-decl-2nd|num=sg|Olli}}
noun Ollius voc_sg {{la-decl-2nd|num=sg|Olli}}
noun Olmius voc_sg {{la-decl-2nd|num=sg|Olmi}}
noun Olybrius voc_sg {{la-decl-2nd|num=sg|Olȳbri}}
noun Opellius voc_sg {{la-decl-2nd|num=sg|Opelli}}
noun Opiternius voc_sg {{la-decl-2nd|num=sg|Opīterni}}
noun Oppidius voc_sg {{la-decl-2nd|num=sg|Oppidi}}
noun Oppius voc_sg {{la-decl-2nd|num=sg|Oppi}}
noun Opsius voc_sg {{la-decl-2nd|num=sg|Opsi}}
noun Orbilius voc_sg {{la-decl-2nd|num=sg|Orbili}}
noun Orchius voc_sg {{la-decl-2nd|num=sg|Orchi}}
noun Orcivius voc_sg {{la-decl-2nd|num=sg|Orcivi}}
noun Orfius voc_sg {{la-decl-2nd|num=sg|Orfi}}
noun Oribasius voc_sg {{la-decl-2nd|Orībasi|num=sg}}
noun Orobii voc_sg {{la-decl-2nd|num=pl|Orobi}}
noun Ostorius voc_sg {{la-decl-2nd|num=sg|Ostōri}}
noun Otacilius voc_sg {{la-decl-2nd|num=sg|Otācili}}
noun Ovinius voc_sg {{la-decl-2nd|num=sg|Ovīni}}
noun Oxybii voc_sg {{la-decl-2nd|num=pl|Oxybi}}
noun Pacarius voc_sg {{la-decl-2nd|num=sg|Pacāri}}
noun Paccius voc_sg {{la-decl-2nd|num=sg|Pacci}}
noun Pacilius voc_sg {{la-decl-2nd|num=sg|Pacili}}
noun Paconius voc_sg {{la-decl-2nd|num=sg|Pacōni}}
noun Pactius voc_sg {{la-decl-2nd|num=sg|Pacti}}
noun Pactumeius voc_sg {{la-decl-2nd|num=sg|Pactumēi}}
noun Pacuvius voc_sg {{la-decl-2nd|num=sg|Pācuvi}}
noun Palfurius voc_sg {{la-decl-2nd|num=sg|Palfuri}}
noun Palpellius voc_sg {{la-decl-2nd|num=sg|Palpelli}}
noun Pantuleius voc_sg {{la-decl-2nd|num=sg|Pantulēi}}
noun Papinius voc_sg {{la-decl-2nd|num=sg|Pāpini}}
noun Papirius voc_sg {{la-decl-2nd|num=sg|Papīri}}
noun Papius voc_sg {{la-decl-2nd|num=sg|Pāpi}}
noun Parisii voc_sg {{la-decl-2nd|num=pl|Parīsi}}
noun Parthenius voc_sg {{la-decl-2nd|num=sg|Partheni}}
noun Patulcius voc_sg {{la-decl-2nd|num=sg|Patulci}}
noun Pedius voc_sg {{la-decl-2nd|num=sg|Pedi}}
noun Penius voc_sg {{la-decl-2nd|num=sg|Peni}}
noun Percennius voc_sg {{la-decl-2nd|num=sg|Percenni}}
noun Persius voc_sg {{la-decl-2nd|num=sg|Persi}}
noun Pescennius voc_sg {{la-decl-2nd|num=sg|Pescenni}}
noun Petidius voc_sg {{la-decl-2nd|num=sg|Petidi}}
noun Petilius voc_sg {{la-decl-2nd|num=sg|Petīli}}
noun Petreius voc_sg {{la-decl-2nd|num=sg|Petrēi}}
noun Petrocorii voc_sg {{la-decl-2nd|num=pl|Petrocori}}
noun Petronius voc_sg {{la-decl-2nd|num=sg|Pētrōni}}
noun Peucetii voc_sg {{la-decl-2nd|loc=1|num=pl|Peuceti}}
noun Pharusii voc_sg {{la-decl-2nd|num=pl|Pharūsi}}
noun Pilius voc_sg {{la-decl-2nd|num=sg|Pīli}}
noun Pinarius voc_sg {{la-decl-2nd|num=sg|Pīnāri}}
noun Pinnius voc_sg {{la-decl-2nd|num=sg|Pinni}}
noun Pituanius voc_sg {{la-decl-2nd|num=sg|Pituāni}}
noun Pius voc_sg {{la-decl-2nd|Pi}}
noun Plaguleius voc_sg {{la-decl-2nd|num=sg|Plāgulēi}}
noun Plancius voc_sg {{la-decl-2nd|num=sg|Planci}}
noun Plautius voc_sg {{la-decl-2nd|num=sg|Plauti}}
noun Pleminius voc_sg {{la-decl-2nd|num=sg|Plēmini}}
noun Pleumoxii voc_sg {{la-decl-2nd|num=pl|Pleumoxi}}
noun Plinius voc_sg {{la-decl-2nd|num=sg|Plīni}}
noun Poenius voc_sg {{la-decl-2nd|num=sg|Poeni}}
noun Pompeii voc_sg {{la-decl-2nd|loc=1|num=pl|Pompēi}}
noun Pomponius voc_sg {{la-decl-2nd|num=sg|Pompōni}}
noun Pontidius voc_sg {{la-decl-2nd|num=sg|Pontidi}}
noun Pontius voc_sg {{la-decl-2nd|num=sg|Ponti}}
noun Popilius voc_sg {{la-decl-2nd|num=sg|Popili}}
noun Porcius voc_sg {{la-decl-2nd|num=sg|Porci}}
noun Porphyrius voc_sg {{la-decl-2nd|num=sg|Porphyri}}
noun Postumius voc_sg {{la-decl-2nd|num=sg|Postumi}}
noun Potitius voc_sg {{la-decl-2nd|num=sg|Potīti}}
noun Praecilius voc_sg {{la-decl-2nd|num=sg|Praecili}}
noun Praetutii voc_sg {{la-decl-2nd|num=pl|Praetūti}}
noun Prasii voc_sg {{la-decl-2nd|num=pl|Prasi}}
noun Prifernius voc_sg {{la-decl-2nd|num=sg|Priferni}}
noun Procilius voc_sg {{la-decl-2nd|num=sg|Procili}}
noun Proculeius voc_sg {{la-decl-2nd|num=sg|Proculēi}}
noun Psessii voc_sg {{la-decl-2nd|num=pl|Psēssi}}
noun Publilius voc_sg {{la-decl-2nd|num=sg|Pūblili}}
noun Pupius voc_sg {{la-decl-2nd|num=sg|Pūpi}}
noun Quadrigarius voc_sg {{la-decl-2nd|num=sg|Quadrīgāri}}
noun Quartinius voc_sg {{la-decl-2nd|num=sg|Quartīni}}
noun Quinctius voc_sg {{la-decl-2nd|num=sg|Quīncti}}
noun Quirinius voc_sg {{la-decl-2nd|num=sg|Quirīni}}
noun Rabirius voc_sg {{la-decl-2nd|num=sg|Rabīri}}
noun Rabuleius voc_sg {{la-decl-2nd|num=sg|Rabulēi}}
noun Racilius voc_sg {{la-decl-2nd|num=sg|Racīli}}
noun Raecius voc_sg {{la-decl-2nd|num=sg|Raeci}}
noun Ragonius voc_sg {{la-decl-2nd|num=sg|Ragōni}}
noun Rammius voc_sg {{la-decl-2nd|num=sg|Rani}}
noun Ranius voc_sg {{la-decl-2nd|num=sg|Rani}}
noun Rasinius voc_sg {{la-decl-2nd|num=sg|Rasini}}
noun Remmius voc_sg {{la-decl-2nd|num=sg|Remmi}}
noun Renius voc_sg {{la-decl-2nd|num=sg|Reni}}
noun Rhizius voc_sg {{la-decl-2nd|num=sg|Rhizi}}
noun Rhodius voc_sg {{la-decl-2nd|num=sg|Rhodi}}
noun Rogerius voc_sg {{la-decl-2nd|Rōgeri}}
noun Romilius voc_sg {{la-decl-2nd|num=sg|Rōmili}}
noun Roscius voc_sg {{la-decl-2nd|num=sg|Rosci}}
noun Rubrius voc_sg {{la-decl-2nd|num=sg|Rubri}}
noun Rufius voc_sg {{la-decl-2nd|num=sg|Rūfi}}
noun Rugii voc_sg {{la-decl-2nd|num=pl|Rugi}}
noun Rupilius voc_sg {{la-decl-2nd|num=sg|Rupili}}
noun Rusticellius voc_sg {{la-decl-2nd|num=sg|Rusticelli}}
noun Rustius voc_sg {{la-decl-2nd|num=sg|Rusti}}
noun Rutilius voc_sg {{la-decl-2nd|num=sg|Rutili}}
noun Sabalingii voc_sg {{la-decl-2nd|num=pl|Sabalingi}}
noun Sabellius voc_sg {{la-decl-2nd|num=sg|Sabelli}}
noun Sabidius voc_sg {{la-decl-2nd|num=sg|Sabidi}}
noun Sabinius voc_sg {{la-decl-2nd|num=sg|Sabīni}}
noun Sabucius voc_sg {{la-decl-2nd|num=sg|Sabuci}}
noun Saenius voc_sg {{la-decl-2nd|num=sg|Saeni}}
noun Saevius voc_sg {{la-decl-2nd|num=sg|Saevi}}
noun Safinius voc_sg {{la-decl-2nd|num=sg|Safini}}
noun Saleius voc_sg {{la-decl-2nd|num=sg|Salēi}}
noun Sallustius voc_sg {{la-decl-2nd|num=sg|Sallusti}}
noun Salluvii voc_sg {{la-decl-2nd|loc=1|num=pl|Salluvi}}
noun Salonius voc_sg {{la-decl-2nd|num=sg|Salōni}}
noun Salvius voc_sg {{la-decl-2nd|num=sg|Salvi}}
noun Samamycii voc_sg {{la-decl-2nd|num=pl|Samamyci}}
noun Sangarius voc_sg {{la-decl-2nd|num=sg|Sangari}}
noun Sanquinius voc_sg {{la-decl-2nd|num=sg|Sanquīni}}
noun Sarius voc_sg {{la-decl-2nd|num=sg|Sari}}
noun Satellius voc_sg {{la-decl-2nd|num=sg|Satelli}}
noun Satrius voc_sg {{la-decl-2nd|num=sg|Satri}}
noun Saturius voc_sg {{la-decl-2nd|num=sg|Saturi}}
noun Saufeius voc_sg {{la-decl-2nd|num=sg|Saufēi}}
noun Scaevius voc_sg {{la-decl-2nd|num=sg|Scaevi}}
noun Scandilius voc_sg {{la-decl-2nd|num=sg|Scandili}}
noun Scandius voc_sg {{la-decl-2nd|num=sg|Scandi}}
noun Scantinius voc_sg {{la-decl-2nd|num=sg|Scantīni}}
noun Scantius voc_sg {{la-decl-2nd|num=sg|Scanti}}
noun Scaptius voc_sg {{la-decl-2nd|num=sg|Scapti}}
noun Scoedius voc_sg {{la-decl-2nd|num=sg|Scoedi}}
noun Sedusii voc_sg {{la-decl-2nd|num=pl|Sedusi}}
noun Segulius voc_sg {{la-decl-2nd|num=sg|Seguli}}
noun Seius voc_sg {{la-decl-2nd|num=sg|Sēi}}
noun Sellius voc_sg {{la-decl-2nd|num=sg|Selli}}
noun Sempronius voc_sg {{la-decl-2nd|num=sg|Semprōni}}
noun Sennius voc_sg {{la-decl-2nd|num=sg|Senni}}
noun Sentius voc_sg {{la-decl-2nd|num=sg|Senti}}
noun Seppius voc_sg {{la-decl-2nd|num=sg|Seppi}}
noun Septicius voc_sg {{la-decl-2nd|num=sg|Septici}}
noun Septimius voc_sg {{la-decl-2nd|num=sg|Septimi}}
noun Septimuleius voc_sg {{la-decl-2nd|num=sg|Septimulēi}}
noun Sepullius voc_sg {{la-decl-2nd|num=sg|Sepulli}}
noun Sertorius voc_sg {{la-decl-2nd|num=sg|Sertōri}}
noun Servilius voc_sg {{la-decl-2nd|num=sg|Servīli}}
noun Setantii voc_sg {{la-decl-2nd|num=pl|Setanti}}
noun Sextilius voc_sg {{la-decl-2nd|num=sg|Sextīli}}
noun Shavius voc_sg {{la-decl-2nd|Shavi|num=sg}}
noun Sibyrtius voc_sg {{la-decl-2nd|Sibyrti|num=sg}}
noun Sicinius voc_sg {{la-decl-2nd|num=sg|Sicini}}
noun Silicius voc_sg {{la-decl-2nd|num=sg|Silici}}
noun Simbruvium voc_sg {{la-decl-2nd|num=sg|Simbruvi}}
noun Sinnius voc_sg {{la-decl-2nd|num=sg|Sinni}}
noun Sittius voc_sg {{la-decl-2nd|num=sg|Sitti}}
noun Sollius voc_sg {{la-decl-2nd|num=sg|Solli}}
noun Sontius voc_sg {{la-decl-2nd|num=sg|Sonti}}
noun Sosius voc_sg {{la-decl-2nd|num=sg|Sosi}}
noun Sossius voc_sg {{la-decl-2nd|num=sg|Sossi}}
noun Spendius voc_sg {{la-decl-2nd|Spendi|num=sg}}
noun Spicilius voc_sg {{la-decl-2nd|num=sg|Spicili}}
noun Spurilius voc_sg {{la-decl-2nd|num=sg|Spurili}}
noun Staberius voc_sg {{la-decl-2nd|num=sg|Staberi}}
noun Staius voc_sg {{la-decl-2nd|num=sg|Stāi}}
noun Stallius voc_sg {{la-decl-2nd|num=sg|Stalli}}
noun Statilius voc_sg {{la-decl-2nd|num=sg|Statili}}
noun Statius voc_sg {{la-decl-2nd|num=sg|Stāti}}
noun Statorius voc_sg {{la-decl-2nd|num=sg|Statōri}}
noun Stertinius voc_sg {{la-decl-2nd|num=sg|Stertini}}
noun Sturii voc_sg {{la-decl-2nd|num=pl|Sturi}}
noun Subrius voc_sg {{la-decl-2nd|num=sg|Subri}}
noun Sudernius voc_sg {{la-decl-2nd|num=sg|Suderni}}
noun Suedius voc_sg {{la-decl-2nd|num=sg|Suedi}}
noun Suetius voc_sg {{la-decl-2nd|num=sg|Suēti}}
noun Suetonius voc_sg {{la-decl-2nd|num=sg|Suētōni}}
noun Suevius voc_sg {{la-decl-2nd|num=sg|Suēvi}}
noun Suillius voc_sg {{la-decl-2nd|num=sg|Suilli}}
noun Sulcius voc_sg {{la-decl-2nd|num=sg|Sulci}}
noun Sulpicius voc_sg {{la-decl-2nd|num=sg|Sulpici}}
noun Surdinius voc_sg {{la-decl-2nd|num=sg|Surdīni}}
noun Surius voc_sg {{la-decl-2nd|num=sg|Suri}}
noun Tadius voc_sg {{la-decl-2nd|num=sg|Tadi}}
noun Tagonius voc_sg {{la-decl-2nd|num=sg|Tagoni}}
noun Talisius voc_sg {{la-decl-2nd|num=sg|Talīsi}}
noun Talius voc_sg {{la-decl-2nd|num=sg|Tali}}
noun Tallonius voc_sg {{la-decl-2nd|num=sg|Tallōni}}
noun Tamisius voc_sg {{la-decl-2nd|num=sg|Tamisi}}
noun Tampius voc_sg {{la-decl-2nd|num=sg|Tampi}}
noun Tamudius voc_sg {{la-decl-2nd|num=sg|Tamudi}}
noun Tantasius voc_sg {{la-decl-2nd|num=sg|Tantasi}}
noun Tanusius voc_sg {{la-decl-2nd|num=sg|Tanūsi}}
noun Tapponius voc_sg {{la-decl-2nd|num=sg|Tappōni}}
noun Tarius voc_sg {{la-decl-2nd|num=sg|Tari}}
noun Tarpeius voc_sg {{la-decl-2nd|num=sg|Tarpēi}}
noun Tarquinii voc_sg {{la-decl-2nd|loc=1|num=pl|Tarquini}}
noun Tarquitius voc_sg {{la-decl-2nd|num=sg|Tarquiti}}
noun Tarraelii voc_sg {{la-decl-2nd|num=pl|Tarraeli}}
noun Tarrutenius voc_sg {{la-decl-2nd|num=sg|Tarrutēni}}
noun Tarutius voc_sg {{la-decl-2nd|num=sg|Taruti}}
noun Tasgetius voc_sg {{la-decl-2nd|Tasgeti|num=sg}}
noun Taulantii voc_sg {{la-decl-2nd|loc=1|num=pl|Taulanti}}
noun Tedanius voc_sg {{la-decl-2nd|num=sg|Tedani}}
noun Tedius voc_sg {{la-decl-2nd|num=sg|Tedi}}
noun Telethrius voc_sg {{la-decl-2nd|num=sg|Telethri}}
noun Telmedius voc_sg {{la-decl-2nd|num=sg|Telmedi}}
noun Terentius voc_sg {{la-decl-2nd|num=sg|Terenti}}
noun Terrinius voc_sg {{la-decl-2nd|num=sg|Terrini}}
noun Tetius voc_sg {{la-decl-2nd|num=sg|Teti}}
noun Tettius voc_sg {{la-decl-2nd|num=sg|Tetti}}
noun Theophanius voc_sg {{la-decl-2nd|num=sg|Theophani}}
noun Thoranius voc_sg {{la-decl-2nd|num=sg|Thorāni}}
noun Thorius voc_sg {{la-decl-2nd|num=sg|Thori}}
noun Thurii voc_sg {{la-decl-2nd|num=pl|Thūri}}
noun Tiburtius voc_sg {{la-decl-2nd|num=sg|Tīburti}}
noun Tigellius voc_sg {{la-decl-2nd|num=sg|Tigelli}}
noun Tigidius voc_sg {{la-decl-2nd|num=sg|Tigidi}}
noun Tillius voc_sg {{la-decl-2nd|num=sg|Tilli}}
noun Tineius voc_sg {{la-decl-2nd|num=sg|Tinēi}}
noun Titaresius voc_sg {{la-decl-2nd|num=sg|Titarēsi}}
noun Titinius voc_sg {{la-decl-2nd|num=sg|Titīni}}
noun Titius voc_sg {{la-decl-2nd|num=sg|Titi}}
noun Titurius voc_sg {{la-decl-2nd|num=sg|Titūri}}
noun Titurnius voc_sg {{la-decl-2nd|num=sg|Titurni}}
noun Tius voc_sg {{la-decl-2nd|num=sg|Ti}}
noun Togonius voc_sg {{la-decl-2nd|num=sg|Togōni}}
noun Tolistobogii voc_sg {{la-decl-2nd|num=pl|Tolistobogi}}
noun Tolumnius voc_sg {{la-decl-2nd|Tolumni|num=sg}}
noun Tongilius voc_sg {{la-decl-2nd|num=sg|Tongili}}
noun Trebatius voc_sg {{la-decl-2nd|num=sg|Trebāti}}
noun Trebellius voc_sg {{la-decl-2nd|num=sg|Trebelli}}
noun Trebius voc_sg {{la-decl-2nd|num=sg|Trebi}}
noun Trebonius voc_sg {{la-decl-2nd|num=sg|Trebōni}}
noun Tremellius voc_sg {{la-decl-2nd|num=sg|Tremelli}}
noun Triarius voc_sg {{la-decl-2nd|num=sg|Triāri}}
noun Tricorii voc_sg {{la-decl-2nd|num=pl|Tricori}}
noun Trinius voc_sg {{la-decl-2nd|num=sg|Trini}}
noun Tuccius voc_sg {{la-decl-2nd|num=sg|Tucci}}
noun Tudicius voc_sg {{la-decl-2nd|num=sg|Tudici}}
noun Turius voc_sg {{la-decl-2nd|num=sg|Turi}}
noun Turpilius voc_sg {{la-decl-2nd|num=sg|Turpili}}
noun Turranius voc_sg {{la-decl-2nd|Turrāni}}
noun Turutius voc_sg {{la-decl-2nd|num=sg|Turuti}}
noun Tuscenius voc_sg {{la-decl-2nd|num=sg|Tuscēni}}
noun Tuscilius voc_sg {{la-decl-2nd|num=sg|Tuscili}}
noun Tutilius voc_sg {{la-decl-2nd|num=sg|Tūtili}}
noun Tydii voc_sg {{la-decl-2nd|num=pl|Tydi}}
noun Ubii voc_sg {{la-decl-2nd|num=pl|Ubi}}
noun Ulpius voc_sg {{la-decl-2nd|num=sg|Ulpi}}
noun Umbonius voc_sg {{la-decl-2nd|num=sg|Umbōni}}
noun Ummidius voc_sg {{la-decl-2nd|num=sg|Ummidi}}
noun Urbicius voc_sg {{la-decl-2nd|num=sg|Urbici}}
noun Ursanius voc_sg {{la-decl-2nd|num=sg|Ursāni}}
noun Ursatius voc_sg {{la-decl-2nd|num=sg|Ursāti}}
noun Urseius voc_sg {{la-decl-2nd|num=sg|Ursēi}}
noun Uxii voc_sg {{la-decl-2nd|num=pl|Uxi}}
noun Vagellius voc_sg {{la-decl-2nd|num=sg|Vagelli}}
noun Valgius voc_sg {{la-decl-2nd|num=sg|Valgi}}
noun Valutius voc_sg {{la-decl-2nd|num=sg|Valuti}}
noun Vannius voc_sg {{la-decl-2nd|Vanni|num=sg}}
noun Vargunteius voc_sg {{la-decl-2nd|num=sg|Varguntēi}}
noun Varinius voc_sg {{la-decl-2nd|num=sg|Varīni}}
noun Varisidius voc_sg {{la-decl-2nd|num=sg|Varisidi}}
noun Varius voc_sg {{la-decl-2nd|num=sg|Vari}}
noun Varrutius voc_sg {{la-decl-2nd|num=sg|Varruti}}
noun Vasius voc_sg {{la-decl-2nd|num=sg|Vasi}}
noun Vatinius voc_sg {{la-decl-2nd|num=sg|Vatīni}}
noun Vediantii voc_sg {{la-decl-2nd|num=pl|Vedianti}}
noun Vedius voc_sg {{la-decl-2nd|num=sg|Vēdi}}
noun Vehilius voc_sg {{la-decl-2nd|num=sg|Vehili}}
noun Veianius voc_sg {{la-decl-2nd|num=sg|Vēiāni}}
noun Veii voc_sg {{la-decl-2nd|loc=1|num=pl|Vēi}}
noun Velanius voc_sg {{la-decl-2nd|num=sg|Velāni}}
noun Velius voc_sg {{la-decl-2nd|num=sg|Vēli}}
noun Velleius voc_sg {{la-decl-2nd|num=sg|Vellēi}}
noun Velocius voc_sg {{la-decl-2nd|num=sg|Vēlōci}}
noun Vennonius voc_sg {{la-decl-2nd|num=sg|Vennōni}}
noun Ventidius voc_sg {{la-decl-2nd|num=sg|Ventidi}}
noun Venuleius voc_sg {{la-decl-2nd|num=sg|Venulēi}}
noun Venutius voc_sg {{la-decl-2nd|Venuti|num=sg}}
noun Veranius voc_sg {{la-decl-2nd|num=sg|Vērāni}}
noun Verginius voc_sg {{la-decl-2nd|num=sg|Vergini}}
noun Verrius voc_sg {{la-decl-2nd|num=sg|Verri}}
noun Vescularius voc_sg {{la-decl-2nd|num=sg|Vesculāri}}
noun Vesnius voc_sg {{la-decl-2nd|num=sg|Vesni}}
noun Vespasius voc_sg {{la-decl-2nd|num=sg|Vespasi}}
noun Vespronius voc_sg {{la-decl-2nd|num=sg|Vesprōni}}
noun Vestilius voc_sg {{la-decl-2nd|num=sg|Vestili}}
noun Vestorius voc_sg {{la-decl-2nd|num=sg|Vestōri}}
noun Vestricius voc_sg {{la-decl-2nd|num=sg|Vestrici}}
noun Vestrius voc_sg {{la-decl-2nd|num=sg|Vestri}}
noun Vetilius voc_sg {{la-decl-2nd|num=sg|Vetīli}}
noun Vettius voc_sg {{la-decl-2nd|num=sg|Vetti}}
noun Veturius voc_sg {{la-decl-2nd|num=sg|Veturi}}
noun Vibilius voc_sg {{la-decl-2nd|Vibili|num=sg}}
noun Vibius voc_sg {{la-decl-2nd|num=sg|Vībi}}
noun Vibullius voc_sg {{la-decl-2nd|num=sg|Vībulli}}
noun Vicirius voc_sg {{la-decl-2nd|num=sg|Viciri}}
noun Vigellius voc_sg {{la-decl-2nd|num=sg|Vigelli}}
noun Villius voc_sg {{la-decl-2nd|num=sg|Villi}}
noun Vindius voc_sg {{la-decl-2nd|num=sg|Vindi}}
noun Vinicius voc_sg {{la-decl-2nd|num=sg|Vīnici}}
noun Vinius voc_sg {{la-decl-2nd|num=sg|Vini}}
noun Vipsanius voc_sg {{la-decl-2nd|num=sg|Vipsāni}}
noun Virginius voc_sg {{la-decl-2nd|num=sg|Virgini}}
noun Virius voc_sg {{la-decl-2nd|num=sg|Viri}}
noun Visellius voc_sg {{la-decl-2nd|num=sg|Viselli}}
noun Vitellius voc_sg {{la-decl-2nd|num=sg|Vitelli}}
noun Vitrasius voc_sg {{la-decl-2nd|num=sg|Vitrasi}}
noun Vitruvius voc_sg {{la-decl-2nd|num=sg|Vitrūvi}}
noun Voconius voc_sg {{la-decl-2nd|num=sg|Vocōni}}
noun Vocontii voc_sg {{la-decl-2nd|num=pl|Voconti}}
noun Volcatius voc_sg {{la-decl-2nd|num=sg|Volcāti}}
noun Volnius voc_sg {{la-decl-2nd|num=sg|Volni}}
noun Volsinii voc_sg {{la-decl-2nd|loc=1|num=pl|Volsini}}
noun Volteius voc_sg {{la-decl-2nd|num=sg|Voltēi}}
noun Volturcius voc_sg {{la-decl-2nd|num=sg|Volturci}}
noun Zegrensii voc_sg {{la-decl-2nd|num=pl|Zegrēnsi}}
